Departamento,Dep,Municipio,Depmun,Superficie,Poblacion,Irural,Region
Antioquia,5,Medellín,5001,374.8306,2483545,5,Región Eje Cafetero
Antioquia,5,Abejorral,5002,507.1341,20258,45,Región Eje Cafetero
Antioquia,5,Abriaquí,5004,296.956,2710,58,Región Eje Cafetero
Antioquia,5,Alejandría,5021,128.9322,4669,48,Región Eje Cafetero
Antioquia,5,Amagá,5030,84.1325,30777,28,Región Eje Cafetero
Antioquia,5,Amalfi,5031,1209.1269,26552,54,Región Eje Cafetero
Antioquia,5,Andes,5034,402.5026,43713,38,Región Eje Cafetero
Antioquia,5,Angelópolis,5036,81.8763,5790,37,Región Eje Cafetero
Antioquia,5,Angostura,5038,338.6665,11462,47,Región Eje Cafetero
Antioquia,5,Anorí,5040,1413.7739,18737,58,Región Eje Cafetero
Antioquia,5,Santafé de Antioquia,5042,525.6014,26598,45,Región Eje Cafetero
Antioquia,5,Anza,5044,255.9233,7085,48,Región Eje Cafetero
Antioquia,5,Apartadó,5045,535.1724,124647,34,Región Eje Cafetero
Antioquia,5,Arboletes,5051,754.2519,29942,48,Región Eje Cafetero
Antioquia,5,Argelia,5055,245.3418,7577,46,Región Eje Cafetero
Antioquia,5,Armenia,5059,110.435,5085,43,Región Eje Cafetero
Antioquia,5,Barbosa,5079,205.6662,53242,32,Región Eje Cafetero
Antioquia,5,Belmira,5086,296.1532,6054,51,Región Eje Cafetero
Antioquia,5,Bello,5088,147.7584,538527,12,Región Eje Cafetero
Antioquia,5,Betania,5091,180.526,10274,42,Región Eje Cafetero
Antioquia,5,Betulia,5093,262.3675,15736,42,Región Eje Cafetero
Antioquia,5,Ciudad Bolívar,5101,260.4461,26160,38,Región Eje Cafetero
Antioquia,5,Briceño,5107,376.3468,8065,52,Región Eje Cafetero
Antioquia,5,Buriticá,5113,355.2103,9502,52,Región Eje Cafetero
Antioquia,5,Cáceres,5120,1873.8028,29716,56,Región Eje Cafetero
Antioquia,5,Caicedo,5125,200.1299,8420,46,Región Eje Cafetero
Antioquia,5,Caldas,5129,132.7559,81658,24,Región Eje Cafetero
Antioquia,5,Campamento,5134,206.3433,9202,46,Región Eje Cafetero
Antioquia,5,Cañasgordas,5138,364.8312,15490,46,Región Eje Cafetero
Antioquia,5,Caracolí,5142,262.7988,4537,53,Región Eje Cafetero
Antioquia,5,Caramanta,5145,92.0578,4670,42,Región Eje Cafetero
Antioquia,5,Carepa,5147,387.2706,49659,40,Región Eje Cafetero
Antioquia,5,El   Carmen   de   Viboral,5148,423.6452,61122,38,Región Eje Cafetero
Antioquia,5,Carolina,5150,149.5808,3954,51,Región Eje Cafetero
Antioquia,5,Caucasia,5154,1429.122,93044,45,Región Eje Cafetero
Antioquia,5,Chigorodó,5172,721.6826,58684,43,Región Eje Cafetero
Antioquia,5,Cisneros,5190,46.9347,9844,34,Región Eje Cafetero
Antioquia,5,Cocorná,5197,241.7647,15042,41,Región Eje Cafetero
Antioquia,5,Concepción,5206,202.0545,4760,49,Región Eje Cafetero
Antioquia,5,Concordia,5209,247.8804,21504,39,Región Eje Cafetero
Antioquia,5,Copacabana,5212,67.7607,80000,20,Región Eje Cafetero
Antioquia,5,Dabeiba,5234,1957.2627,23255,57,Región Eje Cafetero
Antioquia,5,Don   Matías,5237,203.3323,19332,39,Región Eje Cafetero
Antioquia,5,Ebéjico,5240,237.7794,12108,42,Región Eje Cafetero
Antioquia,5,El Bagre,5250,1560.2489,52925,51,Región Eje Cafetero
Antioquia,5,Entrerrios,5264,214.1959,11465,46,Región Eje Cafetero
Antioquia,5,Envigado,5266,77.9967,236114,8,Región Eje Cafetero
Antioquia,5,Fredonia,5282,258.0926,24553,38,Región Eje Cafetero
Antioquia,5,Frontino,5284,1384.1314,20657,55,Región Eje Cafetero
Antioquia,5,Giraldo,5306,93.4944,5652,48,Región Eje Cafetero
Antioquia,5,Girardota,5308,82.856,53162,25,Región Eje Cafetero
Antioquia,5,Gómez Plata,5310,332.2046,9828,48,Región Eje Cafetero
Antioquia,5,Granada,5313,190.2251,9870,43,Región Eje Cafetero
Antioquia,5,Guadalupe,5315,118.2097,6607,45,Región Eje Cafetero
Antioquia,5,Guarne,5318,151.8116,56774,30,Región Eje Cafetero
Antioquia,5,Guatapé,5321,83.3269,8548,41,Región Eje Cafetero
Antioquia,5,Heliconia,5347,114.8488,5400,41,Región Eje Cafetero
Antioquia,5,Hispania,5353,57.5216,5530,39,Región Eje Cafetero
Antioquia,5,Itagui,5360,19.6496,283794,0,Región Eje Cafetero
Antioquia,5,Ituango,5361,2841.1161,27419,58,Región Eje Cafetero
Antioquia,5,Jardín,5364,201.1626,14662,41,Región Eje Cafetero
Antioquia,5,Jericó,5368,205.0007,13637,41,Región Eje Cafetero
Antioquia,5,La   Ceja,5376,132.715,66746,28,Región Eje Cafetero
Antioquia,5,La   Estrella,5380,36.6318,73696,16,Región Eje Cafetero
Antioquia,5,La   Pintada,5390,54.2963,8298,36,Región Eje Cafetero
Antioquia,5,La   Unión,5400,167.7397,21963,37,Región Eje Cafetero
Antioquia,5,Liborina,5411,216.4164,10040,46,Región Eje Cafetero
Antioquia,5,Maceo,5425,387.1014,8218,53,Región Eje Cafetero
Antioquia,5,Marinilla,5440,114.8712,66399,27,Región Eje Cafetero
Antioquia,5,Montebello,5467,76.0285,6635,37,Región Eje Cafetero
Antioquia,5,Murindó,5475,1266.2014,5088,68,Región Eje Cafetero
Antioquia,5,Mutatá,5480,1075.1728,14196,57,Región Eje Cafetero
Antioquia,5,Nariño,5483,316.7674,9997,44,Región Eje Cafetero
Antioquia,5,Necoclí,5490,1255.5439,43257,49,Región Eje Cafetero
Antioquia,5,Nechí,5495,937.3229,26652,53,Región Eje Cafetero
Antioquia,5,Olaya,5501,86.9862,3150,47,Región Eje Cafetero
Antioquia,5,Peñol,5541,118.3143,21427,37,Región Eje Cafetero
Antioquia,5,Peque,5543,434.069,8186,52,Región Eje Cafetero
Antioquia,5,Pueblorrico,5576,75.4329,8681,37,Región Eje Cafetero
Antioquia,5,Puerto   Berrío,5579,1220.1092,40048,49,Región Eje Cafetero
Antioquia,5,Puerto Nare,5585,669.2915,14384,50,Región Eje Cafetero
Antioquia,5,Puerto   Triunfo,5591,369.5568,18550,46,Región Eje Cafetero
Antioquia,5,Remedios,5604,1989.1913,29061,57,Región Eje Cafetero
Antioquia,5,Retiro,5607,243.6,24185,40,Región Eje Cafetero
Antioquia,5,Rionegro,5615,195.9401,139553,24,Región Eje Cafetero
Antioquia,5,Sabanalarga,5628,265.7644,9155,49,Región Eje Cafetero
Antioquia,5,Sabaneta,5631,15.8353,85484,10,Región Eje Cafetero
Antioquia,5,Salgar,5642,288.2349,18218,42,Región Eje Cafetero
Antioquia,5,San   Andrés   de   Cuerquía,5647,218.7266,7240,48,Región Eje Cafetero
Antioquia,5,San Carlos,5649,717.8146,15940,51,Región Eje Cafetero
Antioquia,5,San   Francisco,5652,356.3391,5776,52,Región Eje Cafetero
Antioquia,5,San   Jerónimo,5656,161.2657,15710,40,Región Eje Cafetero
Antioquia,5,San José de La Montaña,5658,126.0736,3706,50,Región Eje Cafetero
Antioquia,5,San   Juan   de   Urabá,5659,251.9969,20549,43,Región Eje Cafetero
Antioquia,5,San   Luis,5660,425.6191,13035,51,Región Eje Cafetero
Antioquia,5,San Pedro,5664,220.9443,22447,38,Región Eje Cafetero
Antioquia,5,San Pedro de Uraba,5665,602.5332,31571,46,Región Eje Cafetero
Antioquia,5,San   Rafael,5667,363.9287,15632,47,Región Eje Cafetero
Antioquia,5,San Roque,5670,424.8549,21533,46,Región Eje Cafetero
Antioquia,5,San   Vicente,5674,230.4912,22258,39,Región Eje Cafetero
Antioquia,5,Santa Bárbara,5679,196.1697,26944,36,Región Eje Cafetero
Antioquia,5,Santa Rosa de Osos,5686,864.7789,37143,47,Región Eje Cafetero
Antioquia,5,Santo   Domingo,5690,265.9507,12326,45,Región Eje Cafetero
Antioquia,5,El   Santuario,5697,83.4511,36043,28,Región Eje Cafetero
Antioquia,5,Segovia,5736,1127.3269,38692,50,Región Eje Cafetero
Antioquia,5,Sonsón,5756,1346.3971,36394,48,Región Eje Cafetero
Antioquia,5,Sopetrán,5761,219.0719,15293,42,Región Eje Cafetero
Antioquia,5,Támesis,5789,252.2397,16193,41,Región Eje Cafetero
Antioquia,5,Tarazá,5790,1148.985,27517,54,Región Eje Cafetero
Antioquia,5,Tarso,5792,120.4791,6194,42,Región Eje Cafetero
Antioquia,5,Titiribí,5809,140.3458,10716,38,Región Eje Cafetero
Antioquia,5,Toledo,5819,122.5784,5005,46,Región Eje Cafetero
Antioquia,5,Turbo,5837,2919.5353,127565,48,Región Eje Cafetero
Antioquia,5,Uramita,5842,265.9304,6875,49,Región Eje Cafetero
Antioquia,5,Urrao,5847,2563.3972,30484,54,Región Eje Cafetero
Antioquia,5,Valdivia,5854,567.7026,13950,50,Región Eje Cafetero
Antioquia,5,Valparaíso,5856,126.1748,6462,43,Región Eje Cafetero
Antioquia,5,Vegachí,5858,524.955,11910,52,Región Eje Cafetero
Antioquia,5,Venecia,5861,139.6743,11636,38,Región Eje Cafetero
Antioquia,5,Vigía   del   Fuerte,5873,1661.8529,9265,67,Región Eje Cafetero
Antioquia,5,Yalí,5885,440.8583,7630,54,Región Eje Cafetero
Antioquia,5,Yarumal,5887,738.2563,42116,45,Región Eje Cafetero
Antioquia,5,Yolombó,5890,1012.5146,23050,53,Región Eje Cafetero
Antioquia,5,Yondó,5893,1894.9875,19624,59,Región Eje Cafetero
Antioquia,5,Zaragoza,5895,1167.3576,25210,53,Región Eje Cafetero
Atlántico,8,Barranquilla,8001,154.2021,1243056,3,Región Caribe
Atlántico,8,Baranoa,8078,121.3471,64949,26,Región Caribe
Atlántico,8,Campo   de   La   Cruz,8137,99.995,23230,34,Región Caribe
Atlántico,8,Candelaria,8141,135.7691,16648,39,Región Caribe
Atlántico,8,Galapa,8296,97.5131,64260,28,Región Caribe
Atlántico,8,Juan de Acosta,8372,167.9305,21971,39,Región Caribe
Atlántico,8,Luruaco,8421,224.3211,29348,38,Región Caribe
Atlántico,8,Malambo,8433,97.9423,134468,19,Región Caribe
Atlántico,8,Manatí,8436,214.273,20698,42,Región Caribe
Atlántico,8,Palmar de Varela,8520,92.3383,30094,29,Región Caribe
Atlántico,8,Piojó,8549,252.9747,6873,51,Región Caribe
Atlántico,8,Polonuevo,8558,73.8643,18941,32,Región Caribe
Atlántico,8,Ponedera,8560,206.5352,24877,38,Región Caribe
Atlántico,8,Puerto   Colombia,8573,70.5671,51695,27,Región Caribe
Atlántico,8,Repelón,8606,358.5403,27249,41,Región Caribe
Atlántico,8,Sabanagrande,8634,43.1111,33858,23,Región Caribe
Atlántico,8,Sabanalarga,8638,395.8744,97005,32,Región Caribe
Atlántico,8,Santa Lucía,8675,57.3664,16624,33,Región Caribe
Atlántico,8,Santo   Tomás,8685,65.003,31027,28,Región Caribe
Atlántico,8,Soledad,8758,59.3584,638065,4,Región Caribe
Atlántico,8,Suan,8770,42.5581,12282,32,Región Caribe
Atlántico,8,Tubará,8832,182.9896,18190,41,Región Caribe
Atlántico,8,Usiacurí,8849,101.3781,12743,39,Región Caribe
Bogotá D.C.,11,Bogotá D C,11001,1622.8526,7592871,6,Región Centro Oriente
Bolivar,13,Cartagena,13001,597.681,1003685,18,Región Caribe
Bolivar,13,Achí,13006,951.7658,24610,54,Región Caribe
Bolivar,13,Altos   del   Rosario,13030,303.7462,11309,49,Región Caribe
Bolivar,13,Arenal,13042,461.9323,7590,50,Región Caribe
Bolivar,13,Arjona,13052,589.577,71837,38,Región Caribe
Bolivar,13,Arroyohondo,13062,163.8084,8504,44,Región Caribe
Bolivar,13,Barranco de Loba,13074,430.7369,14996,50,Región Caribe
Bolivar,13,Calamar,13140,255.3533,22794,41,Región Caribe
Bolivar,13,Cantagallo,13160,881.4832,8488,59,Región Caribe
Bolivar,13,Cicuco,13188,133.1793,13903,41,Región Caribe
Bolivar,13,Córdoba,13212,597.3181,16225,51,Región Caribe
Bolivar,13,Clemencia,13222,85.3759,15014,36,Región Caribe
Bolivar,13,El Carmen de Bolívar,13244,946.2738,71428,42,Región Caribe
Bolivar,13,El   Guamo,13248,383.1734,8825,52,Región Caribe
Bolivar,13,El   Peñón,13268,318.9349,7884,52,Región Caribe
Bolivar,13,Hatillo de Loba,13300,194.331,12699,44,Región Caribe
Bolivar,13,Magangué,13430,1129.9628,137030,39,Región Caribe
Bolivar,13,Mahates,13433,432.1803,28602,43,Región Caribe
Bolivar,13,Margarita,13440,293.6834,10913,50,Región Caribe
Bolivar,13,María   la   Baja,13442,559.9178,47389,40,Región Caribe
Bolivar,13,Montecristo,13458,2092.8136,17017,61,Región Caribe
Bolivar,13,Mompós,13468,652.1426,45498,44,Región Caribe
Bolivar,13,Morales,13473,1347.5999,22846,57,Región Caribe
Bolivar,13,Pinillos,13549,775.5687,24433,51,Región Caribe
Bolivar,13,Regidor,13580,183.4527,6983,47,Región Caribe
Bolivar,13,Río Viejo,13600,845.2365,10638,53,Región Caribe
Bolivar,13,San Cristóbal,13620,42.2688,8330,35,Región Caribe
Bolivar,13,San   Estanislao,13647,211.6393,18729,41,Región Caribe
Bolivar,13,San Fernando,13650,317.325,12813,48,Región Caribe
Bolivar,13,San   Jacinto,13654,442.916,24232,45,Región Caribe
Bolivar,13,San Jacinto del Cauca,13655,569.9507,10305,54,Región Caribe
Bolivar,13,San Juan Nepomuceno,13657,631.2247,37765,44,Región Caribe
Bolivar,13,San Martín de Loba,13667,450.1981,14792,51,Región Caribe
Bolivar,13,San   Pablo   de   Borbur,13670,2021.036,28043,56,Región Caribe
Bolivar,13,Santa   Catalina,13673,172.7742,14747,41,Región Caribe
Bolivar,13,Santa   Rosa,13683,154.6722,21766,37,Región Caribe
Bolivar,13,Santa   Rosa   del   Sur,13688,2382.7824,33701,56,Región Caribe
Bolivar,13,Simití,13744,1354.6597,18678,57,Región Caribe
Bolivar,13,Soplaviento,13760,92.6041,10733,39,Región Caribe
Bolivar,13,Talaigua   Nuevo,13780,249.3052,13106,46,Región Caribe
Bolivar,13,Tiquisio,13810,762.8088,18584,52,Región Caribe
Bolivar,13,Turbaco,13836,201.9811,109813,30,Región Caribe
Bolivar,13,Turbaná,13838,191.1552,16954,40,Región Caribe
Bolivar,13,Villanueva,13873,137.1264,24581,37,Región Caribe
Bolivar,13,Zambrano,13894,309.1532,12113,47,Región Caribe
Boyacá,15,Tunja,15001,119.6889,176347,20,Región Centro Oriente
Boyacá,15,Almeida,15022,57.6721,1845,46,Región Centro Oriente
Boyacá,15,Aquitania,15047,942.1466,15460,54,Región Centro Oriente
Boyacá,15,Arcabuco,15051,137.8986,5911,48,Región Centro Oriente
Boyacá,15,Belén,15087,163.0882,7500,45,Región Centro Oriente
Boyacá,15,Berbeo,15090,58.013,1587,49,Región Centro Oriente
Boyacá,15,Betéitiva,15092,101.8995,1943,51,Región Centro Oriente
Boyacá,15,Boavita,15097,145.3053,4888,45,Región Centro Oriente
Boyacá,15,Boyacá,15104,48.0229,5103,39,Región Centro Oriente
Boyacá,15,Briceño,15106,64.5997,2175,46,Región Centro Oriente
Boyacá,15,Buena   Vista,15109,110.1568,4396,45,Región Centro Oriente
Boyacá,15,Busbanzá,15114,25.3527,1138,49,Región Centro Oriente
Boyacá,15,Caldas,15131,78.9656,3127,45,Región Centro Oriente
Boyacá,15,Campohermoso,15135,298.7284,3082,55,Región Centro Oriente
Boyacá,15,Cerinza,15162,63.5786,3703,43,Región Centro Oriente
Boyacá,15,Chinavita,15172,136.3735,3198,49,Región Centro Oriente
Boyacá,15,Chiquinquirá,15176,165.0137,57101,31,Región Centro Oriente
Boyacá,15,Chiscas,15180,658.8149,3924,60,Región Centro Oriente
Boyacá,15,Chita,15183,677.377,7881,56,Región Centro Oriente
Boyacá,15,Chitaraque,15185,158.5347,5843,47,Región Centro Oriente
Boyacá,15,Chivatá,15187,49.5323,2812,40,Región Centro Oriente
Boyacá,15,Ciénega,15189,53.9924,4642,40,Región Centro Oriente
Boyacá,15,Cómbita,15204,145.276,13140,41,Región Centro Oriente
Boyacá,15,Coper,15212,149.8697,3585,50,Región Centro Oriente
Boyacá,15,Corrales,15215,60.8514,2523,47,Región Centro Oriente
Boyacá,15,Covarachía,15218,102.4313,2742,49,Región Centro Oriente
Boyacá,15,Cubará,15223,1177.6146,10563,64,Región Centro Oriente
Boyacá,15,Cucaita,15224,42.1281,3759,39,Región Centro Oriente
Boyacá,15,Cuítiva,15226,44.1333,1804,47,Región Centro Oriente
Boyacá,15,Chíquiza,15232,116.5118,4713,45,Región Centro Oriente
Boyacá,15,Chivor,15236,108.6796,2504,51,Región Centro Oriente
Boyacá,15,Duitama,15238,234.0244,124780,28,Región Centro Oriente
Boyacá,15,El Cocuy,15244,238.3446,4150,52,Región Centro Oriente
Boyacá,15,El Espino,15248,69.4007,3054,45,Región Centro Oriente
Boyacá,15,Firavitoba,15272,109.3406,6737,45,Región Centro Oriente
Boyacá,15,Floresta,15276,88.1285,3240,45,Región Centro Oriente
Boyacá,15,Gachantivá,15293,88.1664,2779,48,Región Centro Oriente
Boyacá,15,Gameza,15296,123.6816,4845,47,Región Centro Oriente
Boyacá,15,Garagoa,15299,193.5125,18144,41,Región Centro Oriente
Boyacá,15,Guacamayas,15317,57.6523,1843,49,Región Centro Oriente
Boyacá,15,Guateque,15322,36.1393,10809,31,Región Centro Oriente
Boyacá,15,Guayatá,15325,99.9668,3387,42,Región Centro Oriente
Boyacá,15,Güicán,15332,952.2179,4285,61,Región Centro Oriente
Boyacá,15,Iza,15362,34.2478,1972,44,Región Centro Oriente
Boyacá,15,Jenesano,15367,59.0083,7274,38,Región Centro Oriente
Boyacá,15,Jericó,15368,131.7369,3900,49,Región Centro Oriente
Boyacá,15,Labranzagrande,15377,581.2768,3501,60,Región Centro Oriente
Boyacá,15,La Capilla,15380,56.9312,2686,44,Región Centro Oriente
Boyacá,15,La Victoria,15401,28.0052,1118,44,Región Centro Oriente
Boyacá,15,La   Uvita,15403,161.5632,2831,52,Región Centro Oriente
Boyacá,15,Villa de Leyva,15407,126.5884,16617,40,Región Centro Oriente
Boyacá,15,Macanal,15425,199.966,5027,51,Región Centro Oriente
Boyacá,15,Maripí,15442,160.6848,5697,45,Región Centro Oriente
Boyacá,15,Miraflores,15455,258.7142,8937,47,Región Centro Oriente
Boyacá,15,Mongua,15464,360.3771,4620,55,Región Centro Oriente
Boyacá,15,Monguí,15466,68.8548,4266,43,Región Centro Oriente
Boyacá,15,Moniquirá,15469,218.2791,22821,40,Región Centro Oriente
Boyacá,15,Motavita,15476,60.0441,5641,39,Región Centro Oriente
Boyacá,15,Muzo,15480,137.8741,8466,42,Región Centro Oriente
Boyacá,15,Nobsa,15491,55.4255,16238,32,Región Centro Oriente
Boyacá,15,Nuevo Colón,15494,51.3968,5172,38,Región Centro Oriente
Boyacá,15,Oicatá,15500,60.3022,2858,46,Región Centro Oriente
Boyacá,15,Otanche,15507,475.0401,8002,53,Región Centro Oriente
Boyacá,15,Pachavita,15511,66.6902,2447,45,Región Centro Oriente
Boyacá,15,Páez,15514,339.0691,3256,58,Región Centro Oriente
Boyacá,15,Paipa,15516,305.1092,34177,41,Región Centro Oriente
Boyacá,15,Pajarito,15518,313.6826,2400,61,Región Centro Oriente
Boyacá,15,Panqueba,15522,39.7152,1702,47,Región Centro Oriente
Boyacá,15,Pauna,15531,252.6287,7198,48,Región Centro Oriente
Boyacá,15,Paya,15533,443.8105,2616,63,Región Centro Oriente
Boyacá,15,Paz   de   Río,15537,122.6995,4228,47,Región Centro Oriente
Boyacá,15,Pesca,15542,263.0926,6765,49,Región Centro Oriente
Boyacá,15,Pisba,15550,464.9507,1779,68,Región Centro Oriente
Boyacá,15,Puerto   Boyacá,15572,1513.601,47600,49,Región Centro Oriente
Boyacá,15,Quípama,15580,167.3269,4939,44,Región Centro Oriente
Boyacá,15,Ramiriquí,15599,125.6838,9988,41,Región Centro Oriente
Boyacá,15,Ráquira,15600,220.6664,7958,44,Región Centro Oriente
Boyacá,15,Rondón,15621,206.3634,2384,53,Región Centro Oriente
Boyacá,15,Saboyá,15632,248.652,13728,45,Región Centro Oriente
Boyacá,15,Sáchica,15638,63.9273,5578,44,Región Centro Oriente
Boyacá,15,Samacá,15646,167.5862,18588,40,Región Centro Oriente
Boyacá,15,San   Eduardo,15660,109.4696,1676,53,Región Centro Oriente
Boyacá,15,San José de Pare,15664,74.4036,4989,42,Región Centro Oriente
Boyacá,15,San Luis de Gaceno,15667,469.8455,5476,55,Región Centro Oriente
Boyacá,15,San   Mateo,15673,123.8795,3204,48,Región Centro Oriente
Boyacá,15,San Miguel de Sema,15676,93.9981,3006,45,Región Centro Oriente
Boyacá,15,San   Pablo   de   Borbur,15681,195.9044,6664,44,Región Centro Oriente
Boyacá,15,Santana,15686,67.9638,7643,40,Región Centro Oriente
Boyacá,15,Santa María,15690,309.6597,3518,54,Región Centro Oriente
Boyacá,15,Santa   Rosa   de   Viterbo,15693,116.7061,13205,40,Región Centro Oriente
Boyacá,15,Santa Sofía,15696,77.5628,3195,47,Región Centro Oriente
Boyacá,15,Sativanorte,15720,161.3102,2177,54,Región Centro Oriente
Boyacá,15,Sativasur,15723,54.8847,1100,51,Región Centro Oriente
Boyacá,15,Siachoque,15740,119.223,6747,44,Región Centro Oriente
Boyacá,15,Soatá,15753,123.0954,8908,43,Región Centro Oriente
Boyacá,15,Socotá,15755,603.5864,7231,55,Región Centro Oriente
Boyacá,15,Socha,15757,150.152,8018,46,Región Centro Oriente
Boyacá,15,Sogamoso,15759,208.3059,129346,27,Región Centro Oriente
Boyacá,15,Somondoco,15761,58.7951,2887,41,Región Centro Oriente
Boyacá,15,Sora,15762,47.845,3050,44,Región Centro Oriente
Boyacá,15,Sotaquirá,15763,285.2938,8237,49,Región Centro Oriente
Boyacá,15,Soracá,15764,55.7578,6015,40,Región Centro Oriente
Boyacá,15,Susacón,15774,182.7031,2704,53,Región Centro Oriente
Boyacá,15,Sutamarchán,15776,103.5053,6164,44,Región Centro Oriente
Boyacá,15,Sutatenza,15778,41.127,4224,38,Región Centro Oriente
Boyacá,15,Tasco,15790,209.6981,5823,49,Región Centro Oriente
Boyacá,15,Tenza,15798,45.8641,3828,39,Región Centro Oriente
Boyacá,15,Tibaná,15804,121.8327,9085,42,Región Centro Oriente
Boyacá,15,Tibasosa,15806,93.7568,13196,38,Región Centro Oriente
Boyacá,15,Tinjacá,15808,79.7514,3313,49,Región Centro Oriente
Boyacá,15,Tipacoque,15810,71.9477,3299,45,Región Centro Oriente
Boyacá,15,Toca,15814,168.2519,8831,44,Región Centro Oriente
Boyacá,15,Togüí,15816,101.4431,4330,47,Región Centro Oriente
Boyacá,15,Tópaga,15820,33.6295,3660,40,Región Centro Oriente
Boyacá,15,Tota,15822,196.0461,5206,50,Región Centro Oriente
Boyacá,15,Tununguá,15832,29.2213,1559,48,Región Centro Oriente
Boyacá,15,Turmequé,15835,79.7066,6131,40,Región Centro Oriente
Boyacá,15,Tuta,15837,165.3304,8369,45,Región Centro Oriente
Boyacá,15,Tutazá,15839,122.0095,2037,54,Región Centro Oriente
Boyacá,15,Umbita,15842,146.0853,7534,42,Región Centro Oriente
Boyacá,15,Ventaquemada,15861,160.0115,15920,40,Región Centro Oriente
Boyacá,15,Viracachá,15879,62.5811,2817,45,Región Centro Oriente
Boyacá,15,Zetaquira,15897,251.5051,4621,52,Región Centro Oriente
Caldas,17,Manizales,17001,441.0017,440608,20,Región Eje Cafetero
Caldas,17,Aguadas,17013,475.7327,22907,43,Región Eje Cafetero
Caldas,17,Anserma,17042,209.1427,36405,33,Región Eje Cafetero
Caldas,17,Aranzazu,17050,149.5768,10533,39,Región Eje Cafetero
Caldas,17,Belalcázar,17088,113.3467,10634,37,Región Eje Cafetero
Caldas,17,Chinchiná,17174,109.3727,51773,24,Región Eje Cafetero
Caldas,17,Filadelfia,17272,192.6014,11399,41,Región Eje Cafetero
Caldas,17,La   Dorada,17380,549.2363,72972,37,Región Eje Cafetero
Caldas,17,La   Merced,17388,88.6004,5916,40,Región Eje Cafetero
Caldas,17,Manzanares,17433,197.9119,17805,37,Región Eje Cafetero
Caldas,17,Marmato,17442,36.886,9035,32,Región Eje Cafetero
Caldas,17,Marquetalia,17444,90.333,13368,35,Región Eje Cafetero
Caldas,17,Marulanda,17446,376.9595,2565,56,Región Eje Cafetero
Caldas,17,Neira,17486,369.3428,21040,39,Región Eje Cafetero
Caldas,17,Norcasia,17495,227.5467,6075,49,Región Eje Cafetero
Caldas,17,Pácora,17513,257.1202,15296,42,Región Eje Cafetero
Caldas,17,Palestina,17524,112.2301,15598,33,Región Eje Cafetero
Caldas,17,Pensilvania,17541,498.5451,19781,43,Región Eje Cafetero
Caldas,17,Riosucio,17614,384.1695,51371,35,Región Eje Cafetero
Caldas,17,Risaralda,17616,89.8894,10640,36,Región Eje Cafetero
Caldas,17,Salamina,17653,388.0893,19387,43,Región Eje Cafetero
Caldas,17,Samaná,17662,758.1753,20116,47,Región Eje Cafetero
Caldas,17,San José,17665,60.9426,4875,36,Región Eje Cafetero
Caldas,17,Supía,17777,121.6116,29021,32,Región Eje Cafetero
Caldas,17,Victoria,17867,558.8853,10255,54,Región Eje Cafetero
Caldas,17,Villamaría,17873,455.0658,66189,37,Región Eje Cafetero
Caldas,17,Viterbo,17877,112.9064,12780,36,Región Eje Cafetero
Caldas,18,Florencia,18001,2547.6375,170764,46,Región Centro Sur
Caldas,18,Albania,18029,414.1221,4491,57,Región Centro Sur
Caldas,18,Belén de Los Andaquies,18094,1191.6186,11102,60,Región Centro Sur
Caldas,18,Cartagena   del   Chairá,18150,12785.6188,30778,73,Región Centro Sur
Caldas,18,Curillo,18205,403.3582,7683,54,Región Centro Sur
Caldas,18,El   Doncello,18247,1106.0762,19256,54,Región Centro Sur
Caldas,18,El Paujil,18256,1234.7341,18251,57,Región Centro Sur
Caldas,18,La   Montañita,18410,1701.0614,14662,58,Región Centro Sur
Caldas,18,Milán,18460,1220.576,9838,61,Región Centro Sur
Caldas,18,Morelia,18479,462.4796,3718,62,Región Centro Sur
Caldas,18,Puerto Rico,18592,4146.3972,26329,61,Región Centro Sur
Caldas,18,San   José   del   Fragua,18610,1304.769,12949,59,Región Centro Sur
Caldas,18,San Vicente del Caguán,18753,17464.6344,51714,69,Región Centro Sur
Caldas,18,Solano,18756,42312.7836,11359,87,Región Centro Sur
Caldas,18,Solita,18785,476.9315,6280,58,Región Centro Sur
Caldas,18,Valparaíso,18860,1330.21,6968,60,Región Centro Sur
Caldas,19,Popayán,19001,480.1797,321991,27,Región Pacífico
Caldas,19,Almaguer,19022,236.7148,18263,42,Región Pacífico
Caldas,19,Argelia,19050,775.7878,26376,50,Región Pacífico
Caldas,19,Balboa,19075,413.2112,21270,46,Región Pacífico
Caldas,19,Bolívar,19100,797.8203,37327,46,Región Pacífico
Caldas,19,Buenos Aires,19110,435.0288,31754,38,Región Pacífico
Caldas,19,Cajibío,19130,552.2786,42439,44,Región Pacífico
Caldas,19,Caldono,19137,354.7387,40898,41,Región Pacífico
Caldas,19,Caloto,19142,266.5646,30143,37,Región Pacífico
Caldas,19,Corinto,19212,325.9156,25342,40,Región Pacífico
Caldas,19,El   Tambo,19256,2739.5989,53840,55,Región Pacífico
Caldas,19,Florencia,19290,56.6526,5254,41,Región Pacífico
Caldas,19,Guapi,19318,2567.9493,27619,59,Región Pacífico
Caldas,19,Inzá,19355,866.3121,29170,49,Región Pacífico
Caldas,19,Jambaló,19364,234.4476,18240,43,Región Pacífico
Caldas,19,La   Sierra,19392,208.3544,10674,46,Región Pacífico
Caldas,19,La   Vega,19397,516.0749,24542,43,Región Pacífico
Caldas,19,López,19418,3367.5674,18761,63,Región Pacífico
Caldas,19,Mercaderes,19450,697.9814,22901,52,Región Pacífico
Caldas,19,Miranda,19455,189.6843,31733,34,Región Pacífico
Caldas,19,Morales,19473,511.4777,39516,46,Región Pacífico
Caldas,19,Padilla,19513,69.6834,9953,38,Región Pacífico
Caldas,19,Páez,19517,1793.1439,46278,53,Región Pacífico
Caldas,19,Patía,19532,755.2911,37183,48,Región Pacífico
Caldas,19,Piamonte,19533,1104.7517,9004,63,Región Pacífico
Caldas,19,Piendamó,19548,181.2696,41362,35,Región Pacífico
Caldas,19,Puerto   Tejada,19573,109.1233,41648,28,Región Pacífico
Caldas,19,Puracé,19585,848.3233,17423,50,Región Pacífico
Caldas,19,Rosas,19622,169.0917,11495,43,Región Pacífico
Caldas,19,San   Sebastián,19693,419.0349,11004,50,Región Pacífico
Caldas,19,Santander   de   Quilichao,19698,518.1975,111789,36,Región Pacífico
Caldas,19,Santa   Rosa,19701,3619.371,5354,70,Región Pacífico
Caldas,19,Silvia,19743,680.9916,37713,45,Región Pacífico
Caldas,19,Sotara,19760,515.9442,14079,50,Región Pacífico
Caldas,19,Suárez,19780,392.3857,32226,49,Región Pacífico
Caldas,19,Sucre,19785,135.8733,9582,44,Región Pacífico
Caldas,19,Timbío,19807,201.2927,35895,37,Región Pacífico
Caldas,19,Timbiquí,19809,2057.7062,26363,59,Región Pacífico
Caldas,19,Toribio,19821,492.1412,36016,44,Región Pacífico
Caldas,19,Totoró,19824,404.4705,25137,47,Región Pacífico
Caldas,19,Villa   Rica,19845,81.6216,21000,35,Región Pacífico
Cesar,20,Valledupar,20001,4185.7918,513685,40,Región Caribe
Cesar,20,Aguachica,20011,877.6666,114569,42,Región Caribe
Cesar,20,Agustín Codazzi,20013,1753.0925,62864,50,Región Caribe
Cesar,20,Astrea,20032,637.9028,20617,51,Región Caribe
Cesar,20,Becerril,20045,1225.4011,22542,58,Región Caribe
Cesar,20,Bosconia,20060,586.2092,41825,45,Región Caribe
Cesar,20,Chimichagua,20175,1376.4253,35269,53,Región Caribe
Cesar,20,Chiriguaná,20178,1114.4804,28743,54,Región Caribe
Cesar,20,Curumaní,20228,915.1713,38617,51,Región Caribe
Cesar,20,El Copey,20238,956.4508,30957,49,Región Caribe
Cesar,20,El   Paso,20250,813.9328,39365,51,Región Caribe
Cesar,20,Gamarra,20295,326.8806,15458,48,Región Caribe
Cesar,20,González,20310,73.0061,4469,39,Región Caribe
Cesar,20,La Gloria,20383,802.8721,17858,55,Región Caribe
Cesar,20,La Jagua de Ibirico,20400,755.9068,49052,51,Región Caribe
Cesar,20,Manaure,20443,136.7821,10479,42,Región Caribe
Cesar,20,Pailitas,20517,531.843,19183,51,Región Caribe
Cesar,20,Pelaya,20550,423.3874,21564,49,Región Caribe
Cesar,20,Pueblo   Bello,20570,743.8018,28298,50,Región Caribe
Cesar,20,Río   de   Oro,20614,549.438,17346,52,Región Caribe
Cesar,20,La   Paz,20621,1073.1012,28758,52,Región Caribe
Cesar,20,San Alberto,20710,550.2115,27449,49,Región Caribe
Cesar,20,San Diego,20750,645.9994,19818,52,Región Caribe
Cesar,20,San Martín,20770,993.2912,27823,54,Región Caribe
Cesar,20,Tamalameque,20787,513.2985,15790,51,Región Caribe
Chocó,23,Montería,23001,3136.587,498858,39,Región Caribe
Chocó,23,Ayapel,23068,1964.8388,47057,53,Región Caribe
Chocó,23,Buenavista,23079,834.927,21274,53,Región Caribe
Chocó,23,Canalete,23090,420.0397,15385,47,Región Caribe
Chocó,23,Cereté,23162,290.8443,107234,31,Región Caribe
Chocó,23,Chimá,23168,324.0031,17738,46,Región Caribe
Chocó,23,Chinú,23182,626.1871,48323,42,Región Caribe
Chocó,23,Ciénaga de Oro,23189,641.2396,59871,42,Región Caribe
Chocó,23,Cotorra,23300,88.2685,19315,36,Región Caribe
Chocó,23,La Apartada,23350,287.0437,15058,47,Región Caribe
Chocó,23,Lorica,23417,950.9943,114666,38,Región Caribe
Chocó,23,Los Córdobas,23419,366.0648,19038,47,Región Caribe
Chocó,23,Momil,23464,158.7628,19876,40,Región Caribe
Chocó,23,Montelíbano,23466,1551.166,83908,47,Región Caribe
Chocó,23,Moñitos,23500,203.1729,30242,39,Región Caribe
Chocó,23,Planeta   Rica,23555,1140.623,64465,46,Región Caribe
Chocó,23,Pueblo   Nuevo,23570,849.2799,36112,48,Región Caribe
Chocó,23,Puerto Escondido,23574,411.0417,24036,46,Región Caribe
Chocó,23,Puerto Libertador,23580,1647.3564,42835,53,Región Caribe
Chocó,23,Purísima,23586,117.7343,17411,38,Región Caribe
Chocó,23,Sahagún,23660,964.8145,109052,41,Región Caribe
Chocó,23,San   Andrés   Sotavento,23670,206.7703,48215,31,Región Caribe
Chocó,23,San   Antero,23672,207.4904,34520,38,Región Caribe
Chocó,23,San Bernardo del Viento,23675,315.972,37052,40,Región Caribe
Chocó,23,San Carlos,23678,446.8206,27174,47,Región Caribe
Chocó,23,San Pelayo,23686,445.4912,52481,42,Región Caribe
Chocó,23,Tierralta,23807,4937.7229,93873,55,Región Caribe
Chocó,23,Valencia,23855,919.2592,36042,48,Región Caribe
Cundinamarca,25,Agua de Dios,25001,85.7453,11966,35,Región Centro Oriente
Cundinamarca,25,Albán,25019,50.8351,6650,36,Región Centro Oriente
Cundinamarca,25,Anapoima,25035,123.9555,15315,38,Región Centro Oriente
Cundinamarca,25,Anolaima,25040,120.9523,14161,37,Región Centro Oriente
Cundinamarca,25,Arbeláez,25053,142.46,10825,38,Región Centro Oriente
Cundinamarca,25,Beltrán,25086,176.846,1832,55,Región Centro Oriente
Cundinamarca,25,Bituima,25095,61.0462,2507,44,Región Centro Oriente
Cundinamarca,25,Bojacá,25099,102.3199,10524,38,Región Centro Oriente
Cundinamarca,25,Cabrera,25120,421.8396,4885,55,Región Centro Oriente
Cundinamarca,25,Cachipay,25123,53.4526,10324,32,Región Centro Oriente
Cundinamarca,25,Cajicá,25126,51.2756,87866,21,Región Centro Oriente
Cundinamarca,25,Caparrapí,25148,615.6676,12714,50,Región Centro Oriente
Cundinamarca,25,Caqueza,25151,111.5068,17480,33,Región Centro Oriente
Cundinamarca,25,Carmen   de   Carupa,25154,298.5491,7733,49,Región Centro Oriente
Cundinamarca,25,Chaguaní,25168,172.0267,4255,49,Región Centro Oriente
Cundinamarca,25,Chía,25175,80.158,141308,18,Región Centro Oriente
Cundinamarca,25,Chipaque,25178,150.5496,9748,40,Región Centro Oriente
Cundinamarca,25,Choachí,25181,212.4201,11213,42,Región Centro Oriente
Cundinamarca,25,Chocontá,25183,300.1939,21425,42,Región Centro Oriente
Cundinamarca,25,Cogua,25200,132.8804,23286,36,Región Centro Oriente
Cundinamarca,25,Cota,25214,53.6774,34948,27,Región Centro Oriente
Cundinamarca,25,Cucunubá,25224,109.8402,7935,43,Región Centro Oriente
Cundinamarca,25,El   Colegio,25245,118.2796,25047,33,Región Centro Oriente
Cundinamarca,25,El Peñón,25258,134.091,4710,47,Región Centro Oriente
Cundinamarca,25,El Rosal,25260,87.213,23417,34,Región Centro Oriente
Cundinamarca,25,Facatativá,25269,158.0207,148001,22,Región Centro Oriente
Cundinamarca,25,Fomeque,25279,460.1754,12367,47,Región Centro Oriente
Cundinamarca,25,Fosca,25281,111.2035,5892,40,Región Centro Oriente
Cundinamarca,25,Funza,25286,67.7537,99387,20,Región Centro Oriente
Cundinamarca,25,Fúquene,25288,77.4612,5047,43,Región Centro Oriente
Cundinamarca,25,Fusagasugá,25290,193.9529,146556,23,Región Centro Oriente
Cundinamarca,25,Gachala,25293,384.9971,4386,53,Región Centro Oriente
Cundinamarca,25,Gachancipá,25295,43.0574,18264,31,Región Centro Oriente
Cundinamarca,25,Gachetá,25297,258.862,8439,45,Región Centro Oriente
Cundinamarca,25,Gama,25299,107.6868,3152,46,Región Centro Oriente
Cundinamarca,25,Girardot,25307,130.1553,105379,22,Región Centro Oriente
Cundinamarca,25,Granada,25312,60.705,7566,35,Región Centro Oriente
Cundinamarca,25,Guachetá,25317,170.1733,13749,43,Región Centro Oriente
Cundinamarca,25,Guaduas,25320,763.6759,31869,46,Región Centro Oriente
Cundinamarca,25,Guasca,25322,360.5885,16166,46,Región Centro Oriente
Cundinamarca,25,Guataquí,25324,90.9522,2811,48,Región Centro Oriente
Cundinamarca,25,Guatavita,25326,252.3681,6561,48,Región Centro Oriente
Cundinamarca,25,Guayabal de Siquima,25328,61.8734,4587,42,Región Centro Oriente
Cundinamarca,25,Guayabetal,25335,222.8178,6485,48,Región Centro Oriente
Cundinamarca,25,Gutiérrez,25339,453.2255,3478,56,Región Centro Oriente
Cundinamarca,25,Jerusalén,25368,221.8602,2283,54,Región Centro Oriente
Cundinamarca,25,Junín,25372,343.8256,5920,48,Región Centro Oriente
Cundinamarca,25,La   Calera,25377,326.5099,31432,40,Región Centro Oriente
Cundinamarca,25,La   Mesa,25386,148.1987,34465,33,Región Centro Oriente
Cundinamarca,25,La Palma,25394,190.7907,9588,44,Región Centro Oriente
Cundinamarca,25,La Peña,25398,128.4707,5976,43,Región Centro Oriente
Cundinamarca,25,La Vega,25402,155.4376,17830,39,Región Centro Oriente
Cundinamarca,25,Lenguazaque,25407,155.6304,10424,43,Región Centro Oriente
Cundinamarca,25,Macheta,25426,229.2075,6171,48,Región Centro Oriente
Cundinamarca,25,Madrid,25430,119.5819,120067,24,Región Centro Oriente
Cundinamarca,25,Manta,25436,107.9065,3795,45,Región Centro Oriente
Cundinamarca,25,Medina,25438,1196.7495,8064,58,Región Centro Oriente
Cundinamarca,25,Mosquera,25473,105.9389,141171,23,Región Centro Oriente
Cundinamarca,25,Nariño,25483,55.1626,2395,45,Región Centro Oriente
Cundinamarca,25,Nemocón,25486,98.365,13868,38,Región Centro Oriente
Cundinamarca,25,Nilo,25488,224.7321,11441,41,Región Centro Oriente
Cundinamarca,25,Nimaima,25489,59.4998,3665,39,Región Centro Oriente
Cundinamarca,25,Nocaima,25491,68.9382,6317,37,Región Centro Oriente
Cundinamarca,25,Venecia,25506,122.2033,4320,45,Región Centro Oriente
Cundinamarca,25,Pacho,25513,402.6268,25046,42,Región Centro Oriente
Cundinamarca,25,Paime,25518,173.6357,4206,48,Región Centro Oriente
Cundinamarca,25,Pandi,25524,71.6976,5146,40,Región Centro Oriente
Cundinamarca,25,Paratebueno,25530,885.5337,8786,59,Región Centro Oriente
Cundinamarca,25,Pasca,25535,271.7116,9341,42,Región Centro Oriente
Cundinamarca,25,Puerto Salgar,25572,515.9415,16058,49,Región Centro Oriente
Cundinamarca,25,Pulí,25580,197.6879,3369,52,Región Centro Oriente
Cundinamarca,25,Quebradanegra,25592,79.8564,4807,42,Región Centro Oriente
Cundinamarca,25,Quetame,25594,137.8355,5176,42,Región Centro Oriente
Cundinamarca,25,Quipile,25596,127.7171,6380,41,Región Centro Oriente
Cundinamarca,25,Apulo,25599,121.9869,8457,41,Región Centro Oriente
Cundinamarca,25,Ricaurte,25612,128.2975,13652,41,Región Centro Oriente
Cundinamarca,25,San Antonio del Tequendama,25645,88.5656,12340,34,Región Centro Oriente
Cundinamarca,25,San Bernardo,25649,247.0126,8703,43,Región Centro Oriente
Cundinamarca,25,San   Cayetano,25653,287.8079,4892,52,Región Centro Oriente
Cundinamarca,25,San   Francisco,25658,118.746,11316,41,Región Centro Oriente
Cundinamarca,25,San   Juan   de   Río   Seco,25662,314.0873,8324,47,Región Centro Oriente
Cundinamarca,25,Sasaima,25718,111.6153,11104,39,Región Centro Oriente
Cundinamarca,25,Sesquilé,25736,141.1477,12052,41,Región Centro Oriente
Cundinamarca,25,Sibaté,25740,122.1327,35102,28,Región Centro Oriente
Cundinamarca,25,Silvania,25743,162.5745,22550,34,Región Centro Oriente
Cundinamarca,25,Simijaca,25745,96.7155,13465,39,Región Centro Oriente
Cundinamarca,25,Soacha,25754,187.446,709276,12,Región Centro Oriente
Cundinamarca,25,Sopó,25758,111.0805,27456,32,Región Centro Oriente
Cundinamarca,25,Subachoque,25769,209.2173,16183,41,Región Centro Oriente
Cundinamarca,25,Suesca,25772,173.069,17902,40,Región Centro Oriente
Cundinamarca,25,Supatá,25777,130.3897,5361,46,Región Centro Oriente
Cundinamarca,25,Susa,25779,104.1546,6769,40,Región Centro Oriente
Cundinamarca,25,Sutatausa,25781,64.8505,6169,42,Región Centro Oriente
Cundinamarca,25,Tabio,25785,75.1984,22983,30,Región Centro Oriente
Cundinamarca,25,Tausa,25793,201.8664,8354,46,Región Centro Oriente
Cundinamarca,25,Tena,25797,51.4373,10065,34,Región Centro Oriente
Cundinamarca,25,Tenjo,25799,114.2361,23052,34,Región Centro Oriente
Cundinamarca,25,Tibacuy,25805,84.7523,4477,41,Región Centro Oriente
Cundinamarca,25,Tibirita,25807,56.5474,3207,44,Región Centro Oriente
Cundinamarca,25,Tocaima,25815,245.8345,16136,40,Región Centro Oriente
Cundinamarca,25,Tocancipá,25817,73.2401,43020,28,Región Centro Oriente
Cundinamarca,25,Topaipí,25823,143.7108,4189,48,Región Centro Oriente
Cundinamarca,25,Ubalá,25839,522.4586,7696,46,Región Centro Oriente
Cundinamarca,25,Ubaque,25841,107.0908,6875,40,Región Centro Oriente
Cundinamarca,25,Villa   de   San   Diego   de   Ubate,25843,102.2769,44802,29,Región Centro Oriente
Cundinamarca,25,Une,25845,209.1283,7144,43,Región Centro Oriente
Cundinamarca,25,Útica,25851,92.0843,4324,43,Región Centro Oriente
Cundinamarca,25,Vergara,25862,144.6508,6975,43,Región Centro Oriente
Cundinamarca,25,Vianí,25867,67.1184,4497,42,Región Centro Oriente
Cundinamarca,25,Villagómez,25871,62.9689,1783,47,Región Centro Oriente
Cundinamarca,25,Villapinzón,25873,226.1599,17796,42,Región Centro Oriente
Cundinamarca,25,Villeta,25875,140.8872,27986,34,Región Centro Oriente
Cundinamarca,25,Viotá,25878,201.3298,13508,40,Región Centro Oriente
Cundinamarca,25,Yacopí,25885,956.7833,12367,54,Región Centro Oriente
Cundinamarca,25,Zipacón,25898,54.2704,4836,38,Región Centro Oriente
Cundinamarca,25,Zipaquirá,25899,194.8204,138654,25,Región Centro Oriente
Chocó,27,Quibdó,27001,3507.1228,130042,47,Región Pacífico
Chocó,27,Acandí,27006,797.6376,14085,58,Región Pacífico
Chocó,27,Alto Baudo,27025,2050.4167,27982,56,Región Pacífico
Chocó,27,Atrato,27050,421.5667,6145,53,Región Pacífico
Chocó,27,Bagadó,27073,807.4542,11149,56,Región Pacífico
Chocó,27,Bahía   Solano,27075,895.2985,10207,60,Región Pacífico
Chocó,27,Bajo Baudó,27077,3479.2548,30263,65,Región Pacífico
Chocó,27,Bojaya,27099,3630.6546,12212,69,Región Pacífico
Chocó,27,El Cantón del San Pablo,27135,380.4957,6210,54,Región Pacífico
Chocó,27,Carmen   del   Darien,27150,3180.6946,18930,74,Región Pacífico
Chocó,27,Cértegui,27160,423.3541,5705,51,Región Pacífico
Chocó,27,Condoto,27205,467.7174,12464,50,Región Pacífico
Chocó,27,El Carmen de Atrato,27245,830.1809,8197,53,Región Pacífico
Chocó,27,El Litoral del San Juan,27250,4134.979,22242,67,Región Pacífico
Chocó,27,Istmina,27361,1879.9668,30739,57,Región Pacífico
Chocó,27,Juradó,27372,1252.1506,6774,71,Región Pacífico
Chocó,27,Lloró,27413,842.909,9850,55,Región Pacífico
Chocó,27,Medio   Atrato,27425,1812.9329,10817,56,Región Pacífico
Chocó,27,Medio Baudó,27430,1372.0444,15405,60,Región Pacífico
Chocó,27,Medio   San   Juan,27450,660.5584,10718,53,Región Pacífico
Chocó,27,Nóvita,27491,944.3319,9116,59,Región Pacífico
Chocó,27,Nuquí,27495,704.0879,16459,59,Región Pacífico
Chocó,27,Río Iro,27580,325.1086,5537,50,Región Pacífico
Chocó,27,Río   Quito,27600,698.9568,8355,57,Región Pacífico
Chocó,27,Riosucio,27615,7607.5509,54458,73,Región Pacífico
Chocó,27,San José del Palmar,27660,1582.2097,5015,66,Región Pacífico
Chocó,27,Sipí,27745,1580.6743,3202,69,Región Pacífico
Chocó,27,Tadó,27787,714.8282,17925,51,Región Pacífico
Chocó,27,Unguía,27800,1190.3212,12821,58,Región Pacífico
Chocó,27,Unión Panamericana,27810,177.7598,6909,47,Región Pacífico
Huila,41,Neiva,41001,1269.8272,361049,32,Región Centro Sur
Huila,41,Acevedo,41006,540.5169,25046,47,Región Centro Sur
Huila,41,Agrado,41013,273.7316,8866,50,Región Centro Sur
Huila,41,Aipe,41016,795.6306,16361,50,Región Centro Sur
Huila,41,Algeciras,41020,589.689,22498,48,Región Centro Sur
Huila,41,Altamira,41026,180.9756,4323,54,Región Centro Sur
Huila,41,Baraya,41078,786.002,8282,57,Región Centro Sur
Huila,41,Campoalegre,41132,462.7993,31195,43,Región Centro Sur
Huila,41,Colombia,41206,1584.9699,7136,60,Región Centro Sur
Huila,41,Elías,41244,80.4417,4257,48,Región Centro Sur
Huila,41,Garzón,41298,606.5212,73292,40,Región Centro Sur
Huila,41,Gigante,41306,503.7031,24634,45,Región Centro Sur
Huila,41,Guadalupe,41319,249.6073,18104,44,Región Centro Sur
Huila,41,Hobo,41349,194.2334,7335,49,Región Centro Sur
Huila,41,Iquira,41357,356.5155,9291,50,Región Centro Sur
Huila,41,Isnos,41359,370.6566,25463,44,Región Centro Sur
Huila,41,La Argentina,41378,356.4211,13021,49,Región Centro Sur
Huila,41,La Plata,41396,814.6509,61735,44,Región Centro Sur
Huila,41,Nátaga,41483,131.94,6520,46,Región Centro Sur
Huila,41,Oporapa,41503,155.8126,11779,43,Región Centro Sur
Huila,41,Paicol,41518,278.3108,6655,54,Región Centro Sur
Huila,41,Palermo,41524,884.2664,26590,49,Región Centro Sur
Huila,41,Palestina,41530,178.2175,11282,45,Región Centro Sur
Huila,41,Pital,41548,193.66,13851,44,Región Centro Sur
Huila,41,Pitalito,41551,630.6659,126682,37,Región Centro Sur
Huila,41,Rivera,41615,251.2302,24757,46,Región Centro Sur
Huila,41,Saladoblanco,41660,466.6449,10502,52,Región Centro Sur
Huila,41,San   Agustín,41668,1390.4322,33391,53,Región Centro Sur
Huila,41,Santa   María,41676,339.3796,10422,49,Región Centro Sur
Huila,41,Suaza,41770,429.6672,22342,50,Región Centro Sur
Huila,41,Tarqui,41791,362.8118,17587,47,Región Centro Sur
Huila,41,Tesalia,41797,367.0254,10815,52,Región Centro Sur
Huila,41,Tello,41799,530.3994,11775,51,Región Centro Sur
Huila,41,Teruel,41801,471.7344,8064,55,Región Centro Sur
Huila,41,Timaná,41807,185.7271,21921,40,Región Centro Sur
Huila,41,Villavieja,41872,543.9269,7247,55,Región Centro Sur
Huila,41,Yaguará,41885,332.9154,7774,51,Región Centro Sur
La Guajira,44,Riohacha,44001,3088.7109,195747,44,Región Caribe
La Guajira,44,Albania,44035,546.0266,30848,48,Región Caribe
La Guajira,44,Barrancas,44078,800.9418,37170,49,Región Caribe
La Guajira,44,Dibula,44090,1749.9781,40051,55,Región Caribe
La Guajira,44,Distracción,44098,231.8728,13706,45,Región Caribe
La Guajira,44,El Molino,44110,242.1848,7574,49,Región Caribe
La Guajira,44,Fonseca,44279,473.5224,43728,45,Región Caribe
La Guajira,44,Hatonuevo,44378,214.6399,21151,43,Región Caribe
La Guajira,44,La Jagua del Pilar,44420,179.5908,3686,54,Región Caribe
La Guajira,44,Maicao,44430,1768.7198,178832,44,Región Caribe
La Guajira,44,Manaure,44560,1619.6555,88881,48,Región Caribe
La Guajira,44,San Juan del Cesar,44650,1313.6884,48387,50,Región Caribe
La Guajira,44,Uribia,44847,7886.0581,177815,57,Región Caribe
La Guajira,44,Urumita,44855,246.2746,11114,45,Región Caribe
La Guajira,44,Villanueva,44874,260.0959,28816,41,Región Caribe
Magdalena,47,Santa   Marta,47001,2347.1393,521239,33,Región Caribe
Magdalena,47,Algarrobo,47030,406.3884,16194,49,Región Caribe
Magdalena,47,Aracataca,47053,1740.8385,40726,50,Región Caribe
Magdalena,47,Ariguaní,47058,1131.7442,31077,50,Región Caribe
Magdalena,47,Cerro San Antonio,47161,177.1961,9885,44,Región Caribe
Magdalena,47,Chivolo,47170,536.5437,22715,49,Región Caribe
Magdalena,47,Ciénaga,47189,1324.7773,122285,39,Región Caribe
Magdalena,47,Concordia,47205,109.4837,10908,40,Región Caribe
Magdalena,47,El Banco,47245,814.8733,67811,45,Región Caribe
Magdalena,47,El Piñon,47258,557.1424,23400,48,Región Caribe
Magdalena,47,El Retén,47268,262.1823,20455,40,Región Caribe
Magdalena,47,Fundación,47288,971.9012,68681,42,Región Caribe
Magdalena,47,Guamal,47318,564.4924,27345,47,Región Caribe
Magdalena,47,Nueva   Granada,47460,842.051,20485,53,Región Caribe
Magdalena,47,Pedraza,47541,325.4799,9225,50,Región Caribe
Magdalena,47,Pijiño   del   Carmen,47545,661.5642,12548,52,Región Caribe
Magdalena,47,Pivijay,47551,1640.4445,38203,50,Región Caribe
Magdalena,47,Plato,47555,1457.3383,63026,48,Región Caribe
Magdalena,47,Pueblo Viejo,47570,675.4686,31151,45,Región Caribe
Magdalena,47,Remolino,47605,594.9312,11702,52,Región Caribe
Magdalena,47,Sabanas   de   San   Angel,47660,1238.9672,16247,56,Región Caribe
Magdalena,47,Salamina,47675,170.4786,11043,43,Región Caribe
Magdalena,47,San Sebastián de Buenavista,47692,437.6456,20171,48,Región Caribe
Magdalena,47,San   Zenón,47703,268.883,12104,49,Región Caribe
Magdalena,47,Santa Ana,47707,1120.4373,25750,52,Región Caribe
Magdalena,47,Santa   Bárbara   de   Pinto,47720,494.7042,10977,51,Región Caribe
Magdalena,47,Sitionuevo,47745,970.9046,28254,47,Región Caribe
Magdalena,47,Tenerife,47798,492.1993,13354,50,Región Caribe
Magdalena,47,Zapayán,47960,353.2763,10293,50,Región Caribe
Magdalena,47,Zona Bananera,47980,446.4621,71578,35,Región Caribe
Meta,50,Villavicencio,50001,1285.8794,538824,30,Región Llano
Meta,50,Acacias,50006,1123.7379,90124,43,Región Llano
Meta,50,Barranca de Upía,50110,403.8189,6513,60,Región Llano
Meta,50,Cabuyaro,50124,913.6625,6130,65,Región Llano
Meta,50,Castilla   la   Nueva,50150,514.686,15186,54,Región Llano
Meta,50,Cubarral,50223,1157.8652,7019,62,Región Llano
Meta,50,Cumaral,50226,625.0924,23014,49,Región Llano
Meta,50,El   Calvario,50245,277.8516,1696,56,Región Llano
Meta,50,El   Castillo,50251,568.2181,7619,55,Región Llano
Meta,50,El   Dorado,50270,117.3411,3932,48,Región Llano
Meta,50,Fuente de Oro,50287,570.9912,12266,53,Región Llano
Meta,50,Granada,50313,348.3118,69770,36,Región Llano
Meta,50,Guamal,50318,595.7039,14298,52,Región Llano
Meta,50,Mapiripán,50325,11949.0284,7086,78,Región Llano
Meta,50,Mesetas,50330,2280.63,10706,64,Región Llano
Meta,50,La   Macarena,50350,10839.3339,27534,72,Región Llano
Meta,50,Uribe,50370,6437.2087,9388,71,Región Llano
Meta,50,Lejanías,50400,815.4263,11256,56,Región Llano
Meta,50,Puerto   Concordia,50450,1242.9355,8484,59,Región Llano
Meta,50,Puerto   Gaitán,50568,17250.0832,42677,78,Región Llano
Meta,50,Puerto   López,50573,6913.3466,30301,65,Región Llano
Meta,50,Puerto   Lleras,50577,2535.7742,10359,66,Región Llano
Meta,50,Puerto   Rico,50590,3428.1336,12918,65,Región Llano
Meta,50,Restrepo,50606,365.1166,18474,48,Región Llano
Meta,50,San   Carlos   de   Guaroa,50680,807.7948,12598,59,Región Llano
Meta,50,San Juan de Arama,50683,1169.1046,8948,60,Región Llano
Meta,50,San   Juanito,50686,237.3509,1266,57,Región Llano
Meta,50,San   Martín,50689,5933.6524,26571,67,Región Llano
Meta,50,Vista   Hermosa,50711,4819.2101,17168,66,Región Llano
Nariño,52,Pasto,52001,1099.4114,392748,32,Región Pacífico
Nariño,52,Albán,52019,38.6101,9443,30,Región Pacífico
Nariño,52,Aldana,52022,47.6405,7375,40,Región Pacífico
Nariño,52,Ancuyá,52036,68.9064,8678,40,Región Pacífico
Nariño,52,Arboleda,52051,60.1858,8431,40,Región Pacífico
Nariño,52,Barbacoas,52079,2732.9333,56195,60,Región Pacífico
Nariño,52,Belén,52083,41.8454,6311,39,Región Pacífico
Nariño,52,Buesaco,52110,635.9608,23909,48,Región Pacífico
Nariño,52,Colón,52203,61.7505,8403,38,Región Pacífico
Nariño,52,Consaca,52207,119.3536,13761,43,Región Pacífico
Nariño,52,Contadero,52210,43.209,7252,39,Región Pacífico
Nariño,52,Córdoba,52215,304.6345,15496,49,Región Pacífico
Nariño,52,Cuaspud,52224,57.1186,9199,40,Región Pacífico
Nariño,52,Cumbal,52227,915.3276,36975,52,Región Pacífico
Nariño,52,Cumbitara,52233,355.167,5843,51,Región Pacífico
Nariño,52,Chachagüí,52240,146.2718,15328,43,Región Pacífico
Nariño,52,El   Charco,52250,2490.6693,22528,60,Región Pacífico
Nariño,52,El Peñol,52254,119.8574,7443,46,Región Pacífico
Nariño,52,El Rosario,52256,520.2916,12169,54,Región Pacífico
Nariño,52,El   Tablón   de   Gómez,52258,306.9026,14296,48,Región Pacífico
Nariño,52,El   Tambo,52260,247.3527,13986,46,Región Pacífico
Nariño,52,Funes,52287,394.7624,7168,55,Región Pacífico
Nariño,52,Guachucal,52317,155.6669,19387,42,Región Pacífico
Nariño,52,Guaitarilla,52320,116.7398,11422,41,Región Pacífico
Nariño,52,Gualmatán,52323,29.9619,7049,37,Región Pacífico
Nariño,52,Iles,52352,80.5315,7646,42,Región Pacífico
Nariño,52,Imués,52354,81.7299,7530,43,Región Pacífico
Nariño,52,Ipiales,52356,1571.7518,115992,45,Región Pacífico
Nariño,52,La Cruz,52378,238.8463,18697,44,Región Pacífico
Nariño,52,La   Florida,52381,136.3129,9985,43,Región Pacífico
Nariño,52,La   Llanada,52385,244.9983,6481,53,Región Pacífico
Nariño,52,La   Tola,52390,415.909,7441,54,Región Pacífico
Nariño,52,La Unión,52399,142.1524,31803,37,Región Pacífico
Nariño,52,Leiva,52405,310.4204,9653,49,Región Pacífico
Nariño,52,Linares,52411,135.6634,10098,43,Región Pacífico
Nariño,52,Los Andes,52418,956.8695,9376,56,Región Pacífico
Nariño,52,Magüí,52427,1808.0958,25214,61,Región Pacífico
Nariño,52,Mallama,52435,569.0455,8960,57,Región Pacífico
Nariño,52,Mosquera,52473,768.0522,12283,57,Región Pacífico
Nariño,52,Nariño,52480,25.3128,4355,43,Región Pacífico
Nariño,52,Olaya Herrera,52490,1003.1174,25282,52,Región Pacífico
Nariño,52,Ospina,52506,64.8432,7039,41,Región Pacífico
Nariño,52,Francisco Pizarro,52520,525.184,14176,55,Región Pacífico
Nariño,52,Policarpa,52540,434.3413,9827,51,Región Pacífico
Nariño,52,Potosí,52560,388.2996,10197,50,Región Pacífico
Nariño,52,Providencia,52565,39.9476,5562,35,Región Pacífico
Nariño,52,Puerres,52573,350.144,8450,53,Región Pacífico
Nariño,52,Pupiales,52585,129.6598,17334,40,Región Pacífico
Nariño,52,Ricaurte,52612,1055.7328,19885,58,Región Pacífico
Nariño,52,Roberto Payán,52621,1457.7159,12681,59,Región Pacífico
Nariño,52,Samaniego,52678,605.0439,28380,44,Región Pacífico
Nariño,52,Sandoná,52683,101.6125,20184,35,Región Pacífico
Nariño,52,San   Bernardo,52685,65.1645,9186,35,Región Pacífico
Nariño,52,San   Lorenzo,52687,249.1436,18435,44,Región Pacífico
Nariño,52,San   Pablo,52693,111.8596,15034,38,Región Pacífico
Nariño,52,San   Pedro   de   Cartago,52694,55.6473,6831,40,Región Pacífico
Nariño,52,Santa   Bárbara,52696,1224.5756,13331,58,Región Pacífico
Nariño,52,Santacruz,52699,540.6326,10939,50,Región Pacífico
Nariño,52,Sapuyes,52720,115.5485,7277,46,Región Pacífico
Nariño,52,Taminango,52786,234.6578,17866,44,Región Pacífico
Nariño,52,Tangua,52788,217.9598,13397,47,Región Pacífico
Nariño,52,San   Andrés   de   Tumaco,52835,3611.5108,255783,30,Región Pacífico
Nariño,52,Túquerres,52838,216.2723,44650,37,Región Pacífico
Nariño,52,Yacuanquer,52885,102.7352,10946,42,Región Pacífico
Norte de Santander,54,Cúcuta,54001,1133.5259,749197,29,Región Centro Oriente
Norte de Santander,54,Abrego,54003,1382.4498,33003,52,Región Centro Oriente
Norte de Santander,54,Arboledas,54051,456.149,9860,53,Región Centro Oriente
Norte de Santander,54,Bochalema,54099,170.267,8529,48,Región Centro Oriente
Norte de Santander,54,Bucarasica,54109,270.7909,6472,55,Región Centro Oriente
Norte de Santander,54,Cácota,54125,138.9222,2855,53,Región Centro Oriente
Norte de Santander,54,Cachirá,54128,615.8199,11096,54,Región Centro Oriente
Norte de Santander,54,Chinácota,54172,166.2541,18176,42,Región Centro Oriente
Norte de Santander,54,Chitagá,54174,1185.178,12042,59,Región Centro Oriente
Norte de Santander,54,Convención,54206,931.9214,19131,55,Región Centro Oriente
Norte de Santander,54,Cucutilla,54223,374.9105,8307,52,Región Centro Oriente
Norte de Santander,54,Durania,54239,175.0128,4693,52,Región Centro Oriente
Norte de Santander,54,El Carmen,54245,1727.743,13648,60,Región Centro Oriente
Norte de Santander,54,El Tarra,54250,704.1003,21145,57,Región Centro Oriente
Norte de Santander,54,El Zulia,54261,505.3041,28240,48,Región Centro Oriente
Norte de Santander,54,Gramalote,54313,149.0239,7524,48,Región Centro Oriente
Norte de Santander,54,Hacarí,54344,419.0049,10342,53,Región Centro Oriente
Norte de Santander,54,Herrán,54347,106.958,7087,48,Región Centro Oriente
Norte de Santander,54,Labateca,54377,256.0398,6443,52,Región Centro Oriente
Norte de Santander,54,La   Esperanza,54385,669.8994,11941,54,Región Centro Oriente
Norte de Santander,54,La   Playa,54398,242.2147,7821,50,Región Centro Oriente
Norte de Santander,54,Los Patios,54405,127.5881,93754,28,Región Centro Oriente
Norte de Santander,54,Lourdes,54418,86.5873,4091,48,Región Centro Oriente
Norte de Santander,54,Mutiscua,54480,158.8097,4373,51,Región Centro Oriente
Norte de Santander,54,Ocaña,54498,522.6,124603,36,Región Centro Oriente
Norte de Santander,54,Pamplona,54518,298.2941,52240,36,Región Centro Oriente
Norte de Santander,54,Pamplonita,54520,170.9309,5628,50,Región Centro Oriente
Norte de Santander,54,Puerto   Santander,54553,44.9454,8938,37,Región Centro Oriente
Norte de Santander,54,Ragonvalia,54599,97.7258,6149,44,Región Centro Oriente
Norte de Santander,54,Salazar,54660,493.9101,10501,54,Región Centro Oriente
Norte de Santander,54,San   Calixto,54670,398.022,12127,51,Región Centro Oriente
Norte de Santander,54,San   Cayetano,54673,139.2816,7442,49,Región Centro Oriente
Norte de Santander,54,Santiago,54680,172.5382,3537,56,Región Centro Oriente
Norte de Santander,54,Sardinata,54720,1467.7068,26100,56,Región Centro Oriente
Norte de Santander,54,Silos,54743,316.8554,6380,54,Región Centro Oriente
Norte de Santander,54,Teorama,54800,927.054,17040,55,Región Centro Oriente
Norte de Santander,54,Tibú,54810,2680.0729,56510,58,Región Centro Oriente
Norte de Santander,54,Toledo,54820,1480.665,15937,58,Región Centro Oriente
Norte de Santander,54,Villa   Caro,54871,401.0585,5172,57,Región Centro Oriente
Norte de Santander,54,Villa del Rosario,54874,90.619,107288,25,Región Centro Oriente
Quindío,63,Armenia,63001,121.6174,300194,13,Región Eje Cafetero
Quindío,63,Buenavista,63111,38.4581,3107,39,Región Eje Cafetero
Quindío,63,Calarcá,63130,220.8363,73872,28,Región Eje Cafetero
Quindío,63,Circasia,63190,90.3229,28631,29,Región Eje Cafetero
Quindío,63,Córdoba,63212,92.9762,5687,42,Región Eje Cafetero
Quindío,63,Filandia,63272,106.562,12154,35,Región Eje Cafetero
Quindío,63,Génova,63302,294.9377,7455,46,Región Eje Cafetero
Quindío,63,La Tebaida,63401,89.3797,34172,27,Región Eje Cafetero
Quindío,63,Montenegro,63470,149.0575,37127,30,Región Eje Cafetero
Quindío,63,Pijao,63548,248.5826,5146,48,Región Eje Cafetero
Quindío,63,Quimbaya,63594,133.5204,30911,30,Región Eje Cafetero
Quindío,63,Salento,63690,347.3199,9399,49,Región Eje Cafetero
Risaralda,66,Pereira,66001,608.166,472406,21,Región Eje Cafetero
Risaralda,66,Apía,66045,149.9805,12276,37,Región Eje Cafetero
Risaralda,66,Balboa,66075,119.486,6348,43,Región Eje Cafetero
Risaralda,66,Belén de Umbría,66088,180.6004,24660,34,Región Eje Cafetero
Risaralda,66,Dosquebradas,66170,70.1289,220771,12,Región Eje Cafetero
Risaralda,66,Guática,66318,100.8206,12108,34,Región Eje Cafetero
Risaralda,66,La   Celia,66383,92.4737,7448,39,Región Eje Cafetero
Risaralda,66,La   Virginia,66400,32.8012,27916,20,Región Eje Cafetero
Risaralda,66,Marsella,66440,149.3191,16782,34,Región Eje Cafetero
Risaralda,66,Mistrató,66456,564.7435,17110,49,Región Eje Cafetero
Risaralda,66,Pueblo   Rico,66572,613.7678,16309,51,Región Eje Cafetero
Risaralda,66,Quinchía,66594,140.1301,27235,32,Región Eje Cafetero
Risaralda,66,Santa Rosa de Cabal,66682,543.4926,78636,35,Región Eje Cafetero
Risaralda,66,Santuario,66687,190.864,12506,40,Región Eje Cafetero
Santander,68,Bucaramanga,68001,152.9157,595635,11,Región Centro Oriente
Santander,68,Aguada,68013,75.2312,1858,48,Región Centro Oriente
Santander,68,Albania,68020,166.217,4242,51,Región Centro Oriente
Santander,68,Aratoca,68051,169.7916,8368,45,Región Centro Oriente
Santander,68,Barbosa,68077,46.6649,31940,27,Región Centro Oriente
Santander,68,Barichara,68079,137.2758,10674,44,Región Centro Oriente
Santander,68,Barrancabermeja,68081,1326.8383,207494,36,Región Centro Oriente
Santander,68,Betulia,68092,431.2487,6003,55,Región Centro Oriente
Santander,68,Bolívar,68101,1010.1259,11073,56,Región Centro Oriente
Santander,68,Cabrera,68121,65.5743,1983,49,Región Centro Oriente
Santander,68,California,68132,45.0135,2186,47,Región Centro Oriente
Santander,68,Capitanejo,68147,85.2841,5479,42,Región Centro Oriente
Santander,68,Carcasí,68152,258.9462,4263,53,Región Centro Oriente
Santander,68,Cepitá,68160,107.9671,2018,52,Región Centro Oriente
Santander,68,Cerrito,68162,421.0814,6838,55,Región Centro Oriente
Santander,68,Charalá,68167,419.2314,12256,50,Región Centro Oriente
Santander,68,Charta,68169,126.7063,2883,50,Región Centro Oriente
Santander,68,Chimá,68176,173.219,2865,53,Región Centro Oriente
Santander,68,Chipatá,68179,94.9368,5084,45,Región Centro Oriente
Santander,68,Cimitarra,68190,3174.2885,33750,58,Región Centro Oriente
Santander,68,Concepción,68207,337.1199,5738,54,Región Centro Oriente
Santander,68,Confines,68209,71.4217,3233,48,Región Centro Oriente
Santander,68,Contratación,68211,137.1721,3683,50,Región Centro Oriente
Santander,68,Coromoro,68217,577.4957,5009,56,Región Centro Oriente
Santander,68,Curití,68229,244.2227,13028,46,Región Centro Oriente
Santander,68,El Carmen de Chucurí,68235,924.0326,21415,52,Región Centro Oriente
Santander,68,El Guacamayo,68245,92.9676,2119,52,Región Centro Oriente
Santander,68,El   Peñón,68250,398.2177,5405,56,Región Centro Oriente
Santander,68,El   Playón,68255,454.9819,13882,49,Región Centro Oriente
Santander,68,Encino,68264,400.4327,2567,61,Región Centro Oriente
Santander,68,Enciso,68266,74.816,3444,45,Región Centro Oriente
Santander,68,Florián,68271,176.5997,5569,49,Región Centro Oriente
Santander,68,Floridablanca,68276,100.3277,300730,14,Región Centro Oriente
Santander,68,Galán,68296,201.7316,2883,54,Región Centro Oriente
Santander,68,Gambita,68298,608.2331,4008,59,Región Centro Oriente
Santander,68,Girón,68307,493.0299,166843,31,Región Centro Oriente
Santander,68,Guaca,68318,302.3983,5900,51,Región Centro Oriente
Santander,68,Guadalupe,68320,146.3307,4473,48,Región Centro Oriente
Santander,68,Guapotá,68322,67.3004,2394,49,Región Centro Oriente
Santander,68,Guavatá,68324,83.7955,4200,45,Región Centro Oriente
Santander,68,Güepsa,68327,30.1567,5222,38,Región Centro Oriente
Santander,68,Hato,68344,169.0176,2349,55,Región Centro Oriente
Santander,68,Jesús   María,68368,89.5931,3337,50,Región Centro Oriente
Santander,68,Jordán,68370,39.8992,1325,49,Región Centro Oriente
Santander,68,La Belleza,68377,335.2016,6174,52,Región Centro Oriente
Santander,68,Landázuri,68385,590.2164,10482,51,Región Centro Oriente
Santander,68,La   Paz,68397,284.347,4921,52,Región Centro Oriente
Santander,68,Lebríja,68406,550.4332,43145,43,Región Centro Oriente
Santander,68,Los Santos,68418,290.1252,14485,47,Región Centro Oriente
Santander,68,Macaravita,68425,102.9175,2125,51,Región Centro Oriente
Santander,68,Málaga,68432,57.1817,21339,31,Región Centro Oriente
Santander,68,Matanza,68444,235.7486,4999,44,Región Centro Oriente
Santander,68,Mogotes,68464,483.9701,10576,51,Región Centro Oriente
Santander,68,Molagavita,68468,180.4717,4105,49,Región Centro Oriente
Santander,68,Ocamonte,68498,75.2213,5740,43,Región Centro Oriente
Santander,68,Oiba,68500,286.0667,11004,47,Región Centro Oriente
Santander,68,Onzaga,68502,489.2284,4111,57,Región Centro Oriente
Santander,68,Palmar,68522,19.6944,1386,37,Región Centro Oriente
Santander,68,Palmas   del   Socorro,68524,58.5411,2584,47,Región Centro Oriente
Santander,68,Páramo,68533,72.9811,4773,45,Región Centro Oriente
Santander,68,Piedecuesta,68547,484.5723,177586,32,Región Centro Oriente
Santander,68,Pinchote,68549,55.5354,5285,42,Región Centro Oriente
Santander,68,Puente Nacional,68572,251.6785,14740,45,Región Centro Oriente
Santander,68,Puerto Parra,68573,762.3446,7846,59,Región Centro Oriente
Santander,68,Puerto   Wilches,68575,1507.9862,33572,53,Región Centro Oriente
Santander,68,Rionegro,68615,1168.4322,26746,51,Región Centro Oriente
Santander,68,Sabana   de   Torres,68655,1402.87,33887,55,Región Centro Oriente
Santander,68,San   Andrés,68669,281.5589,8613,48,Región Centro Oriente
Santander,68,San Benito,68673,59.113,2957,43,Región Centro Oriente
Santander,68,San   Gil,68679,146.8773,58032,31,Región Centro Oriente
Santander,68,San   Joaquín,68682,143.1334,2215,53,Región Centro Oriente
Santander,68,San   José   de   Miranda,68684,75.3037,4313,44,Región Centro Oriente
Santander,68,San   Miguel,68686,71.2113,2494,48,Región Centro Oriente
Santander,68,San   Vicente   de   Chucurí,68689,1116.3606,33414,49,Región Centro Oriente
Santander,68,Santa Bárbara,68705,221.2171,2425,55,Región Centro Oriente
Santander,68,Santa   Helena   del   Opón,68720,373.8573,3393,57,Región Centro Oriente
Santander,68,Simacota,68745,904.713,10138,58,Región Centro Oriente
Santander,68,Socorro,68755,127.8258,32965,34,Región Centro Oriente
Santander,68,Suaita,68770,285.1955,10086,48,Región Centro Oriente
Santander,68,Sucre,68773,522.5392,7103,54,Región Centro Oriente
Santander,68,Suratá,68780,363.0088,3977,58,Región Centro Oriente
Santander,68,Tona,68820,330.7263,7562,52,Región Centro Oriente
Santander,68,Valle de San José,68855,81.1149,6222,43,Región Centro Oriente
Santander,68,Vélez,68861,447.6767,24843,47,Región Centro Oriente
Santander,68,Vetas,68867,92.4224,2142,50,Región Centro Oriente
Santander,68,Villanueva,68872,97.6069,7927,42,Región Centro Oriente
Santander,68,Zapatoca,68895,364.4186,9507,49,Región Centro Oriente
Sucre,70,Sincelejo,70001,279.9729,286635,23,Región Caribe
Sucre,70,Buenavista,70110,146.4981,10727,42,Región Caribe
Sucre,70,Caimito,70124,412.4698,15668,51,Región Caribe
Sucre,70,Coloso,70204,131.1627,8670,45,Región Caribe
Sucre,70,Corozal,70215,285.8945,69268,34,Región Caribe
Sucre,70,Coveñas,70221,56.5552,18892,33,Región Caribe
Sucre,70,Chalán,70230,83.71,4537,45,Región Caribe
Sucre,70,El Roble,70233,198.4344,10215,46,Región Caribe
Sucre,70,Galeras,70235,321.8564,22673,44,Región Caribe
Sucre,70,Guaranda,70265,361.8676,18198,48,Región Caribe
Sucre,70,La Unión,70400,232.3504,12701,47,Región Caribe
Sucre,70,Los   Palmitos,70418,198.8844,23420,40,Región Caribe
Sucre,70,Majagual,70429,845.1586,37564,50,Región Caribe
Sucre,70,Morroa,70473,170.0149,15495,42,Región Caribe
Sucre,70,Ovejas,70508,460.0484,23148,45,Región Caribe
Sucre,70,Palmito,70523,174.5702,14635,43,Región Caribe
Sucre,70,Sampués,70670,213.9377,47746,35,Región Caribe
Sucre,70,San Benito Abad,70678,1494.163,29282,55,Región Caribe
Sucre,70,San Juan de Betulia,70702,168.1756,13892,42,Región Caribe
Sucre,70,San Marcos,70708,970.3548,59254,46,Región Caribe
Sucre,70,San Onofre,70713,1035.079,50423,45,Región Caribe
Sucre,70,San Pedro,70717,212.9948,18920,41,Región Caribe
Sucre,70,San   Luis   de   Sincé,70742,418.9798,31365,43,Región Caribe
Sucre,70,Sucre,70771,1131.1802,30253,53,Región Caribe
Sucre,70,Santiago de Tolú,70820,302.5167,33553,40,Región Caribe
Sucre,70,Tolú Viejo,70823,285.0159,21850,42,Región Caribe
Tolima,73,Ibagué,73001,1377.2514,536087,27,Región Centro Sur
Tolima,73,Alpujarra,73024,501.5113,4493,57,Región Centro Sur
Tolima,73,Alvarado,73026,344.3356,8710,48,Región Centro Sur
Tolima,73,Ambalema,73030,238.0448,6596,47,Región Centro Sur
Tolima,73,Anzoátegui,73043,469.7113,10110,46,Región Centro Sur
Tolima,73,Armero,73055,440.6308,12335,48,Región Centro Sur
Tolima,73,Ataco,73067,1017.6444,19195,51,Región Centro Sur
Tolima,73,Cajamarca,73124,508.4909,18443,45,Región Centro Sur
Tolima,73,Carmen   de   Apicala,73148,190.8361,10306,45,Región Centro Sur
Tolima,73,Casabianca,73152,175.2962,6326,45,Región Centro Sur
Tolima,73,Chaparral,73168,2102.0632,50565,50,Región Centro Sur
Tolima,73,Coello,73200,343.5981,8286,48,Región Centro Sur
Tolima,73,Coyaima,73217,669.0557,22610,46,Región Centro Sur
Tolima,73,Cunday,73226,507.5153,8518,51,Región Centro Sur
Tolima,73,Dolores,73236,651.9504,8250,54,Región Centro Sur
Tolima,73,Espinal,73268,216.4989,70769,28,Región Centro Sur
Tolima,73,Falan,73270,181.3222,7494,44,Región Centro Sur
Tolima,73,Flandes,73275,96.7972,28510,30,Región Centro Sur
Tolima,73,Fresno,73283,219.6615,31124,36,Región Centro Sur
Tolima,73,Guamo,73319,505.7438,32826,41,Región Centro Sur
Tolima,73,Herveo,73347,322.7434,7266,48,Región Centro Sur
Tolima,73,Honda,73349,304.8869,24585,40,Región Centro Sur
Tolima,73,Icononzo,73352,215.1819,11891,42,Región Centro Sur
Tolima,73,Lérida,73408,271.9545,18598,41,Región Centro Sur
Tolima,73,Líbano,73411,282.3726,36432,35,Región Centro Sur
Tolima,73,Mariquita,73443,293.3432,38084,38,Región Centro Sur
Tolima,73,Melgar,73449,202.1604,37191,34,Región Centro Sur
Tolima,73,Murillo,73461,423.9322,4129,54,Región Centro Sur
Tolima,73,Natagaima,73483,859.83,14722,50,Región Centro Sur
Tolima,73,Ortega,73504,953.8043,34453,47,Región Centro Sur
Tolima,73,Palocabildo,73520,65.0111,9773,36,Región Centro Sur
Tolima,73,Piedras,73547,354.4253,6737,53,Región Centro Sur
Tolima,73,Planadas,73555,1754.1018,25785,53,Región Centro Sur
Tolima,73,Prado,73563,423.013,8443,51,Región Centro Sur
Tolima,73,Purificación,73585,402.2048,23527,42,Región Centro Sur
Tolima,73,Rio Blanco,73616,2046.2338,22660,54,Región Centro Sur
Tolima,73,Roncesvalles,73622,775.8495,5467,58,Región Centro Sur
Tolima,73,Rovira,73624,739.4762,21556,48,Región Centro Sur
Tolima,73,Saldaña,73671,193.2268,14450,41,Región Centro Sur
Tolima,73,San Antonio,73675,383.407,12691,46,Región Centro Sur
Tolima,73,San   Luis,73678,412.2262,13481,44,Región Centro Sur
Tolima,73,Santa   Isabel,73686,270.1866,5710,49,Región Centro Sur
Tolima,73,Suárez,73770,190.0782,3788,49,Región Centro Sur
Tolima,73,Valle   de   San   Juan,73854,197.8464,5353,47,Región Centro Sur
Tolima,73,Venadillo,73861,334.6328,12751,43,Región Centro Sur
Tolima,73,Villahermosa,73870,278.8499,9216,45,Región Centro Sur
Tolima,73,Villarrica,73873,430.463,5021,54,Región Centro Sur
Valle del Cauca,76,Cali,76001,563.0409,2241491,10,Región Pacífico
Valle del Cauca,76,Alcalá,76020,62.3575,14189,29,Región Pacífico
Valle del Cauca,76,Andalucía,76036,110.4604,22515,34,Región Pacífico
Valle del Cauca,76,Ansermanuevo,76041,305.4511,17348,41,Región Pacífico
Valle del Cauca,76,Argelia,76054,90.796,5258,41,Región Pacífico
Valle del Cauca,76,Bolívar,76100,743.5721,15828,50,Región Pacífico
Valle del Cauca,76,Buenaventura,76109,6292.4103,310194,44,Región Pacífico
Valle del Cauca,76,Guadalajara de Buga,76111,825.8772,128316,34,Región Pacífico
Valle del Cauca,76,Bugalagrande,76113,396.7813,24400,43,Región Pacífico
Valle del Cauca,76,Caicedonia,76122,166.9837,28609,33,Región Pacífico
Valle del Cauca,76,Calima,76126,793.498,18171,51,Región Pacífico
Valle del Cauca,76,Candelaria,76130,296.473,93183,31,Región Pacífico
Valle del Cauca,76,Cartago,76147,248.224,136596,25,Región Pacífico
Valle del Cauca,76,Dagua,76233,916.3248,48758,46,Región Pacífico
Valle del Cauca,76,El   Águila,76243,187.8131,8696,42,Región Pacífico
Valle del Cauca,76,El   Cairo,76246,214.2034,6637,45,Región Pacífico
Valle del Cauca,76,El Cerrito,76248,441.8886,56835,36,Región Pacífico
Valle del Cauca,76,El   Dovio,76250,235.4101,8711,44,Región Pacífico
Valle del Cauca,76,Florida,76275,401.5502,57696,36,Región Pacífico
Valle del Cauca,76,Ginebra,76306,268.7327,22908,40,Región Pacífico
Valle del Cauca,76,Guacarí,76318,162.4991,33405,32,Región Pacífico
Valle del Cauca,76,Jamundí,76364,628.9643,164159,36,Región Pacífico
Valle del Cauca,76,La Cumbre,76377,255.4149,16422,45,Región Pacífico
Valle del Cauca,76,La   Unión,76400,120.8749,34244,30,Región Pacífico
Valle del Cauca,76,La   Victoria,76403,264.6978,11981,42,Región Pacífico
Valle del Cauca,76,Obando,76497,214.677,12140,40,Región Pacífico
Valle del Cauca,76,Palmira,76520,1005.1534,352016,29,Región Pacífico
Valle del Cauca,76,Pradera,76563,356.7311,47918,35,Región Pacífico
Valle del Cauca,76,Restrepo,76606,136.232,15295,37,Región Pacífico
Valle del Cauca,76,Riofrío,76616,308.0878,15483,42,Región Pacífico
Valle del Cauca,76,Roldanillo,76622,235.7267,36767,35,Región Pacífico
Valle del Cauca,76,San   Pedro,76670,202.1286,17082,39,Región Pacífico
Valle del Cauca,76,Sevilla,76736,537.184,41503,39,Región Pacífico
Valle del Cauca,76,Toro,76823,175.7637,14467,39,Región Pacífico
Valle del Cauca,76,Trujillo,76828,307.6421,19073,43,Región Pacífico
Valle del Cauca,76,Tuluá,76834,909.359,215978,32,Región Pacífico
Valle del Cauca,76,Ulloa,76845,41.8609,5412,35,Región Pacífico
Valle del Cauca,76,Versalles,76863,200.5973,7070,46,Región Pacífico
Valle del Cauca,76,Vijes,76869,113.7739,12817,39,Región Pacífico
Valle del Cauca,76,Yotoco,76890,327.8005,16117,43,Región Pacífico
Valle del Cauca,76,Yumbo,76892,230.5897,108889,27,Región Pacífico
Valle del Cauca,76,Zarzal,76895,367.9373,42191,36,Región Pacífico
Arauca,81,Arauca,81001,5787.9988,91875,60,Región Llano
Arauca,81,Arauquita,81065,3046.788,53407,59,Región Llano
Arauca,81,Cravo   Norte,81220,5212.5691,4042,83,Región Llano
Arauca,81,Fortul,81300,1158.5961,19659,55,Región Llano
Arauca,81,Puerto Rondón,81591,2281.4603,4688,75,Región Llano
Arauca,81,Saravena,81736,945.1361,59697,48,Región Llano
Arauca,81,Tame,81794,5418.7089,46741,61,Región Llano
Caldas,85,Yopal,85001,2482.9386,173610,48,Región Llano
Caldas,85,Aguazul,85010,1442.5073,37513,53,Región Llano
Caldas,85,Chámeza,85015,313.5325,2571,63,Región Llano
Caldas,85,Hato   Corozal,85125,5509.7125,12203,74,Región Llano
Caldas,85,La   Salina,85136,199.8943,1385,62,Región Llano
Caldas,85,Maní,85139,3754.5485,17359,69,Región Llano
Caldas,85,Monterrey,85162,779.1725,17797,54,Región Llano
Caldas,85,Nunchía,85225,1101.8132,8738,62,Región Llano
Caldas,85,Orocué,85230,4753.4841,12514,74,Región Llano
Caldas,85,Paz de Ariporo,85250,12115.0422,36861,73,Región Llano
Caldas,85,Pore,85263,780.4712,12001,60,Región Llano
Caldas,85,Recetor,85279,181.2268,1718,56,Región Llano
Caldas,85,Sabanalarga,85300,400.9421,3583,59,Región Llano
Caldas,85,Sácama,85315,312.2369,2073,64,Región Llano
Caldas,85,San Luis de Gaceno,85325,2989.6953,8378,71,Región Llano
Caldas,85,Támara,85400,1091.2313,6671,62,Región Llano
Caldas,85,Tauramena,85410,2381.6734,24445,61,Región Llano
Caldas,85,Trinidad,85430,2970.2277,13350,68,Región Llano
Caldas,85,Villanueva,85440,833.8894,35793,50,Región Llano
Putumayo,86,Mocoa,86001,1304.6379,57716,52,Región Centro Sur
Putumayo,86,Colón,86219,64.2746,5469,52,Región Centro Sur
Putumayo,86,Orito,86320,1939.3905,38244,54,Región Centro Sur
Putumayo,86,Puerto   Asís,86568,2819.1548,66084,56,Región Centro Sur
Putumayo,86,Puerto Caicedo,86569,926.466,16033,57,Región Centro Sur
Putumayo,86,Puerto   Guzmán,86571,4576.5916,36052,66,Región Centro Sur
Putumayo,86,Leguízamo,86573,10906.8768,29001,77,Región Centro Sur
Putumayo,86,Sibundoy,86749,97.7346,15217,39,Región Centro Sur
Putumayo,86,San   Francisco,86755,407.3567,5585,56,Región Centro Sur
Putumayo,86,San Miguel,86757,379.7421,19119,47,Región Centro Sur
Putumayo,86,Santiago,86760,341.9238,7284,52,Región Centro Sur
Putumayo,86,Valle   de   Guamez,86865,815.1616,34082,47,Región Centro Sur
Putumayo,86,Villagarzón,86885,1396.9721,23873,57,Región Centro Sur
Santander,88,San   Andrés,88001,27.1398,56358,23,Región Caribe
Santander,88,Providencia,88564,22.2845,6124,41,Región Caribe
Amazonas,91,Leticia,91001,6182.4166,48918,70,Región Centro Sur
Amazonas,91,El   Encanto,91263,10897.5467,2077,89,Región Centro Sur
Amazonas,91,La   Chorrera,91405,12726.8679,2947,92,Región Centro Sur
Amazonas,91,La Pedrera,91407,13668.2149,3882,93,Región Centro Sur
Amazonas,91,La   Victoria,91430,1432.795,652,85,Región Centro Sur
Amazonas,91,Miriti Paraná,91460,16867.5325,1860,100,Región Centro Sur
Amazonas,91,Puerto Alegría,91530,8494.1825,759,96,Región Centro Sur
Amazonas,91,Puerto Arica,91536,13791.327,1027,100,Región Centro Sur
Amazonas,91,Puerto Nariño,91540,1509.2043,9997,72,Región Centro Sur
Amazonas,91,Puerto   Santander,91669,14731.0885,1765,96,Región Centro Sur
Amazonas,91,Tarapacá,91798,9195.8779,3869,90,Región Centro Sur
Guainía,94,Inírida,94001,15970.1986,32673,81,Región Llano
Guainía,94,Barranco Minas,94343,14395.6776,8042,87,Región Llano
Guainía,94,Mapiripana,94663,,1048,84,Región Llano
Guainía,94,San   Felipe,94883,2926.3651,1706,89,Región Llano
Guainía,94,Puerto   Colombia,94884,15700.7128,1934,93,Región Llano
Guainía,94,La   Guadalupe,94885,1178.8707,288,96,Región Llano
Guainía,94,Cacahual,94886,2335.3247,886,85,Región Llano
Guainía,94,Pana   Pana,94887,10227.1468,1959,93,Región Llano
Guainía,94,Morichal,94888,8555.0582,937,100,Región Llano
Guaviare,95,San José del Guaviare,95001,16768.5151,54333,70,Región Llano
Guaviare,95,Calamar,95015,13556.4152,9801,81,Región Llano
Guaviare,95,El   Retorno,95025,12442.2258,13684,77,Región Llano
Guaviare,95,Miraflores,95200,12808.0771,6898,81,Región Llano
Vaupés,97,Mitú,97001,16215.7373,31302,77,Región Llano
Vaupés,97,Caruru,97161,6368.4864,3056,85,Región Llano
Vaupés,97,Pacoa,97511,13993.2506,4229,91,Región Llano
Vaupés,97,Taraira,97666,6510.2466,2318,97,Región Llano
Vaupés,97,Papunaua,97777,5551.1535,749,95,Región Llano
Vaupés,97,Yavaraté,97889,4660.4057,1067,92,Región Llano
Vichada,99,Puerto   Carreño,99001,12204.9514,20474,81,Región Llano
Vichada,99,La Primavera,99524,18569.3377,9799,85,Región Llano
Vichada,99,Santa   Rosalía,99624,3691.8692,4130,81,Región Llano
Vichada,99,Cumaribo,99773,65597.2124,76196,87,Región Llano
